<?xml version="1.0" encoding="utf-8"?>
<!--/621398/1423058/2.50/5/3/Connector/-->
<quadcept_library>
  <setting unit="mil" />
  <textstyle name="Default" height="47.244094488189" strokewidth="7.8740157480315" charwidth="47.244094488189" />
  <textstyle name="Dimension" height="19.6850393700787" strokewidth="0" charwidth="19.6850393700787" />
  <textstyle name="H127W0635TH00762" height="50" strokewidth="3" charwidth="25" />
  <textstyle name="H15W15TH02" height="59.0551181102362" strokewidth="7.8740157480315" charwidth="59.0551181102362" />
  <padstyle name="c165_h110" surface="False" plated="True" isvia="False" nopaste="True" nomask="True" complex="False" holesize="43.307086614173">
    <padshape layer="TOP" shape="round" width="64.960629921259" height="64.960629921259" />
    <padshape layer="TOP_SOLDER_MASK" shape="round" width="72.83464566929" height="72.83464566929" />
    <padshape layer="INNER" shape="round" width="64.960629921259" height="64.960629921259" />
    <padshape layer="BOTTOM" shape="round" width="64.960629921259" height="64.960629921259" />
    <padshape layer="BOTTOM_SOLDER_MASK" shape="round" width="72.83464566929" height="72.83464566929" />
  </padstyle>
  <padstyle name="s165_h110" surface="False" plated="True" isvia="False" nopaste="True" nomask="True" complex="False" holesize="43.307086614173">
    <padshape layer="TOP" shape="square" width="64.960629921259" height="64.960629921259" />
    <padshape layer="TOP_SOLDER_MASK" shape="square" width="72.83464566929" height="72.83464566929" />
    <padshape layer="INNER" shape="round" width="64.960629921259" height="64.960629921259" />
    <padshape layer="BOTTOM" shape="square" width="64.960629921259" height="64.960629921259" />
    <padshape layer="BOTTOM_SOLDER_MASK" shape="square" width="72.83464566929" height="72.83464566929" />
  </padstyle>
  <footprint name="SHDR5W64P0X250_1X5_1490X575X700P" originx="0" originy="0" pickpointx="0" pickpointy="0">
    <pcbpin number="1" name="1" style="s165_h110" originx="0" originy="0" rotation="90" />
    <pcbpin number="2" name="2" style="c165_h110" originx="-98.425196850392" originy="0" rotation="90" />
    <pcbpin number="3" name="3" style="c165_h110" originx="-196.85039370078" originy="0" rotation="90" />
    <pcbpin number="4" name="4" style="c165_h110" originx="-295.27559055118" originy="0" rotation="90" />
    <pcbpin number="5" name="5" style="c165_h110" originx="-393.70078740157" originy="0" rotation="90" />
    <line layer="TOP_PLACE_BOUND" originx="106.29921259842" originy="-102.36220472441" endx="-499.99999999999" endy="-102.36220472441" width="1.9685039370079" />
    <line layer="TOP_PLACE_BOUND" originx="-499.99999999999" originy="-102.36220472441" endx="-499.99999999999" endy="143.70078740157" width="1.9685039370079" />
    <line layer="TOP_PLACE_BOUND" originx="-499.99999999999" originy="143.70078740157" endx="106.29921259842" endy="143.70078740157" width="1.9685039370079" />
    <line layer="TOP_PLACE_BOUND" originx="106.29921259842" originy="143.70078740157" endx="106.29921259842" endy="-102.36220472441" width="1.9685039370079" />
    <line layer="TOP_ASSEMBLY" originx="96.456692913385" originy="-92.519685039369" endx="-490.15748031495" endy="-92.519685039369" width="3.9370078740157" />
    <line layer="TOP_ASSEMBLY" originx="-490.15748031495" originy="-92.519685039369" endx="-490.15748031495" endy="133.85826771653" width="3.9370078740157" />
    <line layer="TOP_ASSEMBLY" originx="-490.15748031495" originy="133.85826771653" endx="96.456692913385" endy="133.85826771653" width="3.9370078740157" />
    <line layer="TOP_ASSEMBLY" originx="96.456692913385" originy="133.85826771653" endx="96.456692913385" endy="-92.519685039369" width="3.9370078740157" />
    <line layer="TOP_SILKSCREEN" originx="0" originy="-92.519685039369" endx="-490.15748031495" endy="-92.519685039369" width="7.8740157480314" />
    <line layer="TOP_SILKSCREEN" originx="-490.15748031495" originy="-92.519685039369" endx="-490.15748031495" endy="133.85826771653" width="7.8740157480314" />
    <line layer="TOP_SILKSCREEN" originx="-490.15748031495" originy="133.85826771653" endx="96.456692913385" endy="133.85826771653" width="7.8740157480314" />
    <line layer="TOP_SILKSCREEN" originx="96.456692913385" originy="133.85826771653" endx="96.456692913385" endy="0" width="7.8740157480314" />
  </footprint>
  <symbol name="B5B-XH-A_LF__SN_" originx="0" originy="0">
    <line originx="200" originy="100" endx="600" endy="100" width="0" />
    <line originx="600" originy="-500" endx="600" endy="100" width="0" />
    <line originx="600" originy="-500" endx="200" endy="-500" width="0" />
    <line originx="200" originy="100" endx="200" endy="-500" width="0" />
    <sympin number="1" originx="200" originy="0" rotation="180" length="100" width="7.8740157480315" flipped="False">
      <text name="pinname" originx="230" originy="0" style="Default" rotation="0" justify="left" flipped="False" hidden="False" data="1" />
      <text name="pindes" originx="140" originy="20" style="Default" rotation="0" justify="lowerright" flipped="False" hidden="False" data="1" />
    </sympin>
    <sympin number="2" originx="200" originy="-100" rotation="180" length="100" width="7.8740157480315" flipped="False">
      <text name="pinname" originx="230" originy="-100" style="Default" rotation="0" justify="left" flipped="False" hidden="False" data="2" />
      <text name="pindes" originx="140" originy="-80" style="Default" rotation="0" justify="lowerright" flipped="False" hidden="False" data="2" />
    </sympin>
    <sympin number="3" originx="200" originy="-200" rotation="180" length="100" width="7.8740157480315" flipped="False">
      <text name="pinname" originx="230" originy="-200" style="Default" rotation="0" justify="left" flipped="False" hidden="False" data="3" />
      <text name="pindes" originx="140" originy="-180" style="Default" rotation="0" justify="lowerright" flipped="False" hidden="False" data="3" />
    </sympin>
    <sympin number="4" originx="200" originy="-300" rotation="180" length="100" width="7.8740157480315" flipped="False">
      <text name="pinname" originx="230" originy="-300" style="Default" rotation="0" justify="left" flipped="False" hidden="False" data="4" />
      <text name="pindes" originx="140" originy="-280" style="Default" rotation="0" justify="lowerright" flipped="False" hidden="False" data="4" />
    </sympin>
    <sympin number="5" originx="200" originy="-400" rotation="180" length="100" width="7.8740157480315" flipped="False">
      <text name="pinname" originx="230" originy="-400" style="Default" rotation="0" justify="left" flipped="False" hidden="False" data="5" />
      <text name="pindes" originx="140" originy="-380" style="Default" rotation="0" justify="lowerright" flipped="False" hidden="False" data="5" />
    </sympin>
  </symbol>
  <component name="B5B-XH-A_LF__SN_" designatorprefix="J" height="275.5905511811" footprint="SHDR5W64P0X250_1X5_1490X575X700P">
    <comppin designator="1" sympin="1" pinswap="0" gateswap="0" gate="1" group="1" side="" type="Any" name="1" />
    <comppin designator="2" sympin="2" pinswap="0" gateswap="0" gate="1" group="1" side="" type="Any" name="2" />
    <comppin designator="3" sympin="3" pinswap="0" gateswap="0" gate="1" group="1" side="" type="Any" name="3" />
    <comppin designator="4" sympin="4" pinswap="0" gateswap="0" gate="1" group="1" side="" type="Any" name="4" />
    <comppin designator="5" sympin="5" pinswap="0" gateswap="0" gate="1" group="1" side="" type="Any" name="5" />
    <attached_symbol gate="1" name="B5B-XH-A_LF__SN_" />
    <pinmap designator="1" footprintpin="1" />
    <pinmap designator="2" footprintpin="2" />
    <pinmap designator="3" footprintpin="3" />
    <pinmap designator="4" footprintpin="4" />
    <pinmap designator="5" footprintpin="5" />
    <text name="Datasheet" originx="0" originy="0" style="Default" rotation="0" justify="" flipped="False" hidden="True" data="http://www.jst-mfg.com/product/pdf/eng/eXH.pdf" />
    <text name="Description" originx="0" originy="0" style="Default" rotation="0" justify="" flipped="False" hidden="True" data="XH connector, 5 way" />
    <text name="Manufacturer_Name" originx="0" originy="0" style="Default" rotation="0" justify="" flipped="False" hidden="True" data="JST (JAPAN SOLDERLESS TERMINALS)" />
    <text name="Manufacturer_Part_Number" originx="650" originy="200" style="Default" rotation="0" justify="left" flipped="False" hidden="False" data="B5B-XH-A(LF)(SN)" />
    <text name="Mouser Part Number" originx="0" originy="0" style="Default" rotation="0" justify="" flipped="False" hidden="True" data="" />
    <text name="Mouser Price/Stock" originx="0" originy="0" style="Default" rotation="0" justify="" flipped="False" hidden="True" data="" />
    <text name="Arrow Part Number" originx="0" originy="0" style="Default" rotation="0" justify="" flipped="False" hidden="True" data="B5B-XH-A(LF)(SN)" />
    <text name="Arrow Price/Stock" originx="0" originy="0" style="Default" rotation="0" justify="" flipped="False" hidden="True" data="https://www.arrow.com/en/products/b5b-xh-a-lf-sn/jst-manufacturing" />
  </component>
</quadcept_library>
